"Estimates","Household final consumption expenditure","Food and non-alcoholic beverages","Food","Non-alcoholic beverages","Alcoholic beverages, tobacco and cannabis","Alcoholic beverages","Tobacco","Cannabis products for non-medical use (licensed)","Cannabis products for non-medical use (unlicensed)","Clothing and footwear","Clothing materials, other articles of clothing and clothing accessories","Garments","Cleaning of clothing","Footwear","Housing, water, electricity, gas and other fuels","Paid rental fees for housing","Imputed rental fees for housing","Materials for the maintenance and repair of the dwelling","Services for the maintenance and repair of the dwelling","Water supply and sanitation services","Electricity","Gas","Other fuels","Furnishings, household equipment and other goods and services related to the dwelling and property","Furniture and furnishings","Carpets and other floor coverings","Household textiles","Major household appliances","Small electric household appliances","Major tools and equipment","Small tools and miscellaneous accessories","Other semi-durable household goods","Other non-durable household goods","Repair of personal and household goods except vehicles","Renting and leasing of personal and household goods except passenger vehicles","Other services related to the dwelling and property","Health","Pharmaceutical products and other medical products (except cannabis)","Cannabis products for medical use","Therapeutic appliances and equipment","Out-patient services","Hospital services","Transport","New passenger cars","New trucks, vans and sport utility vehicles","Used motor vehicles","Other vehicles","Spare parts and accessories for vehicles","Fuels and lubricants","Maintenance and repair of vehicles","Parking","Passenger vehicle renting","Other services related to the operation of transport equipment","Railway transport","Urban transit","Interurban bus","Taxi and limousine","Air transport","Water transport","Other transport services","Communications","Postal services","Telecommunication equipment","Telecommunication services","Recreation and culture","Audio-visual and photographic equipment","Information processing equipment","Recording media","Major durables for outdoor recreation","Musical instruments and major durables for indoor recreation","Games, toys and hobbies","Equipment for sport, camping and open-air recreation","Garden products, plants and flowers","Pets and pet food","Veterinary and other services for pets","Recreational and sporting services","Cable, satellite and other program distribution services","Cinemas","Photographic services","Other cultural services","Games of chance","Books","Newspapers and periodicals","Miscellaneous printed matter and stationery and drawing materials","Education","University education","Other education","Food, beverage and accommodation services","Food and non-alcoholic beverage services","Alcoholic beverage services","Accommodation services","Insurance and financial services","Life insurance","Property insurance","Health insurance","Insurance related to transport","Implicit loan charges","Implicit deposit charges","Stock and bond commissions","Other actual financial charges","Trusteed pension funds","Mutual funds","Miscellaneous goods and services","Personal grooming services","Electrical appliances for personal care","Other appliances, articles and products for personal care","Jewellery, clocks and watches","Other personal effects","Child care services outside the home","Child care services in the home","Other social services","Undertaking and other funeral services","Legal and other services","Net expenditure abroad","Expenditure by Canadians abroad","Expenditure by non-residents in Canada"
"Q1 2003","168,235","16,079","14,292","1,787","8,114","3,441","3,291","..","1,382","7,952","753","5,773","347","1,079","38,097","8,182","23,254","477","59","763","2,911","1,638","813","9,945","2,791","138","602","1,028","283","530","424","1,151","1,299","475","585","639","6,020","2,598","0","505","2,544","373","25,336","4,898","4,441","2,057","438","2,287","5,801","1,497","347","222","269","52","570","178","156","1,659","72","392","3,908","236","133","3,539","16,456","1,836","663","657","1,207","251","969","913","599","581","311","1,564","1,210","241","240","429","3,253","597","540","395","2,056","964","1,092","12,030","8,309","1,994","1,727","13,948","1,894","320","1,001","1,176","2,208","2,015","460","2,073","476","2,325","8,479","1,412","98","2,361","760","499","700","266","911","338","1,134","-185","4,812","-4,997"
"Q2 2003","169,357","16,149","14,354","1,795","8,166","3,448","3,322","..","1,396","8,013","759","5,836","351","1,067","38,336","8,276","23,516","478","60","768","2,803","1,740","695","10,047","2,816","134","606","1,045","287","537","427","1,146","1,319","485","592","653","6,103","2,649","0","515","2,562","377","24,671","4,818","4,503","2,207","457","2,305","5,210","1,514","348","220","275","47","566","180","159","1,408","71","383","3,927","238","135","3,554","16,640","1,861","650","668","1,236","247","962","912","605","599","315","1,578","1,227","237","238","433","3,331","603","540","398","2,096","989","1,107","11,942","8,326","2,029","1,587","14,296","1,906","326","1,009","1,208","2,457","2,067","482","2,080","470","2,291","8,570","1,417","99","2,422","758","501","705","264","917","349","1,138","401","4,470","-4,069"
"Q3 2003","171,775","16,166","14,369","1,797","8,284","3,503","3,372","..","1,409","8,000","758","5,832","351","1,059","38,781","8,383","23,756","481","61","774","2,835","1,843","648","10,166","2,866","137","612","1,061","293","539","429","1,149","1,321","493","598","668","6,193","2,698","0","524","2,590","381","25,295","4,761","4,889","2,279","461","2,296","5,433","1,483","350","215","284","46","575","177","162","1,434","72","378","3,953","241","137","3,575","16,699","1,876","662","675","1,235","249","961","920","605","609","323","1,587","1,249","239","236","437","3,293","610","532","401","2,148","1,029","1,119","12,039","8,388","2,033","1,618","14,678","1,925","343","1,022","1,260","2,520","2,102","531","2,138","477","2,360","8,659","1,435","101","2,457","765","500","715","262","925","352","1,147","714","5,100","-4,386"
"Q4 2003","171,840","16,265","14,457","1,808","8,390","3,546","3,424","..","1,420","8,016","760","5,811","356","1,089","38,853","8,464","23,933","481","62","782","2,874","1,647","610","10,246","2,882","143","614","1,074","294","542","429","1,145","1,345","497","603","678","6,296","2,740","0","533","2,631","392","24,200","4,366","4,170","2,353","442","2,313","5,199","1,488","359","223","288","49","583","180","166","1,565","74","382","4,002","242","138","3,622","16,763","1,839","664","669","1,185","251","952","934","604","615","331","1,594","1,278","243","238","442","3,382","615","523","404","2,216","1,082","1,134","12,272","8,563","2,009","1,700","14,917","1,930","356","1,035","1,318","2,520","2,075","592","2,215","496","2,380","8,790","1,459","101","2,504","774","501","726","260","937","365","1,163","614","5,335","-4,721"
"Q1 2004","175,190","16,424","14,600","1,824","8,452","3,571","3,451","..","1,430","8,207","774","5,963","355","1,115","39,497","8,542","24,341","483","62","785","2,970","1,622","692","10,473","2,975","143","624","1,089","303","557","439","1,173","1,367","502","615","686","6,467","2,826","0","555","2,684","402","25,138","4,335","4,402","2,375","455","2,374","5,651","1,559","364","226","291","51","606","187","183","1,613","75","391","4,107","253","142","3,712","17,027","1,874","692","688","1,233","255","968","942","612","624","337","1,594","1,297","242","239","446","3,446","605","529","404","2,237","1,089","1,148","12,454","8,692","2,032","1,730","15,212","1,930","362","1,057","1,323","2,548","2,095","610","2,228","518","2,541","8,973","1,498","105","2,566","793","520","744","258","958","362","1,169","522","5,482","-4,960"
"Q2 2004","177,340","16,637","14,787","1,850","8,439","3,593","3,408","..","1,438","8,189","776","5,957","351","1,105","39,916","8,622","24,646","498","65","799","2,992","1,597","697","10,598","3,013","146","625","1,077","307","563","452","1,195","1,378","507","634","701","6,568","2,859","0","560","2,739","410","25,844","4,423","4,455","2,402","446","2,374","6,120","1,557","364","228","294","51","615","194","188","1,649","78","406","4,177","257","144","3,776","17,126","1,896","697","690","1,219","260","984","941","616","626","345","1,618","1,330","241","235","456","3,415","613","534","410","2,262","1,103","1,159","12,640","8,797","2,082","1,761","15,496","1,936","368","1,073","1,353","2,544","2,119","594","2,328","535","2,646","9,057","1,516","107","2,590","794","522","752","256","979","354","1,187","391","5,646","-5,255"
"Q3 2004","179,268","16,856","14,984","1,872","8,493","3,661","3,389","..","1,443","8,241","782","6,011","349","1,099","40,556","8,698","24,930","518","66","815","3,048","1,754","727","10,754","3,077","146","626","1,094","310","576","467","1,208","1,382","515","641","712","6,669","2,894","0","567","2,790","418","25,889","4,421","4,363","2,479","449","2,424","6,071","1,581","366","235","297","51","618","195","191","1,661","78","409","4,234","259","146","3,829","17,460","1,932","685","701","1,223","262","1,000","948","625","624","354","1,638","1,343","240","234","463","3,612","617","545","414","2,282","1,112","1,170","12,786","8,914","2,084","1,788","15,644","1,953","373","1,101","1,376","2,551","2,129","584","2,317","552","2,708","9,135","1,529","107","2,618","789","527","761","251","999","354","1,200","269","5,569","-5,300"
"Q4 2004","181,142","17,148","15,245","1,903","8,473","3,631","3,396","..","1,446","8,193","781","5,970","346","1,096","41,078","8,794","25,195","516","68","834","3,143","1,705","823","10,807","3,103","147","625","1,073","308","587","465","1,214","1,384","528","651","722","6,783","2,929","0","577","2,854","423","26,557","4,531","4,439","2,554","447","2,488","6,355","1,611","373","237","299","51","619","196","190","1,677","77","413","4,295","260","147","3,888","17,402","1,941","696","701","1,237","264","1,010","948","627","627","362","1,619","1,369","240","236","458","3,491","619","540","417","2,306","1,122","1,184","12,853","8,928","2,104","1,821","15,888","1,961","375","1,118","1,394","2,547","2,137","616","2,336","567","2,837","9,225","1,549","108","2,625","798","529","765","245","1,019","361","1,226","134","5,560","-5,426"
"Q1 2005","184,591","17,192","15,238","1,954","8,447","3,689","3,311","..","1,447","8,434","802","6,149","350","1,133","41,638","8,880","25,493","528","66","856","3,153","1,835","827","11,005","3,172","152","636","1,103","317","598","461","1,223","1,413","531","665","734","6,946","3,022","0","585","2,909","430","27,051","4,503","4,533","2,654","456","2,539","6,475","1,638","382","236","303","51","621","206","193","1,766","78","417","4,372","262","150","3,960","17,730","1,968","710","727","1,251","272","1,034","978","630","640","368","1,641","1,398","237","235","462","3,587","627","536","429","2,357","1,145","1,212","12,885","8,952","2,087","1,846","16,391","1,981","375","1,122","1,434","2,752","2,151","654","2,381","578","2,963","9,367","1,566","111","2,662","788","543","777","243","1,038","379","1,260","776","6,088","-5,312"
"Q2 2005","187,126","17,303","15,337","1,966","8,490","3,754","3,292","..","1,444","8,497","805","6,179","350","1,163","41,964","8,939","25,798","543","66","872","3,208","1,694","844","11,088","3,165","154","638","1,114","327","604","475","1,224","1,426","537","673","751","7,076","3,072","0","595","2,973","436","27,510","4,585","4,527","2,667","465","2,577","6,767","1,654","382","235","308","54","645","213","193","1,732","79","427","4,486","264","154","4,068","17,928","1,983","720","729","1,286","262","1,052","993","652","654","374","1,674","1,438","235","234","471","3,569","632","536","434","2,398","1,160","1,238","13,227","9,191","2,152","1,884","16,640","1,977","377","1,113","1,439","2,804","2,161","692","2,447","586","3,044","9,490","1,582","113","2,707","803","550","787","240","1,053","367","1,288","1,029","6,144","-5,115"
"Q3 2005","189,385","17,364","15,394","1,970","8,486","3,790","3,259","..","1,437","8,456","810","6,141","348","1,157","42,583","9,002","26,095","549","65","887","3,280","1,823","882","11,178","3,183","155","644","1,122","328","607","477","1,226","1,446","542","680","768","7,196","3,116","0","598","3,038","444","28,326","4,728","4,515","2,661","453","2,570","7,322","1,675","383","237","312","55","648","223","197","1,834","81","432","4,567","267","154","4,146","18,001","2,003","723","732","1,290","272","1,052","985","647","658","389","1,714","1,465","226","230","482","3,525","635","542","431","2,437","1,175","1,262","13,398","9,296","2,167","1,935","16,837","1,983","378","1,129","1,439","2,767","2,192","743","2,474","592","3,140","9,614","1,616","115","2,734","813","553","792","237","1,072","366","1,316","942","6,116","-5,174"
"Q4 2005","191,311","17,435","15,455","1,980","8,530","3,864","3,240","..","1,426","8,514","818","6,178","347","1,171","42,994","9,084","26,397","558","67","902","3,188","1,901","897","11,369","3,261","160","651","1,139","332","613","487","1,244","1,457","548","692","785","7,313","3,179","0","612","3,074","448","28,136","4,637","4,399","2,647","447","2,599","7,265","1,679","392","241","315","55","664","230","202","1,842","83","439","4,647","269","155","4,223","18,432","2,017","752","739","1,286","271","1,055","1,002","630","661","401","1,755","1,507","221","232","493","3,798","636","544","432","2,470","1,188","1,282","13,566","9,396","2,203","1,967","17,110","1,997","391","1,134","1,464","2,802","2,223","762","2,545","598","3,194","9,732","1,635","115","2,754","832","560","801","234","1,088","366","1,347","1,063","6,236","-5,173"
"Q1 2006","194,786","17,733","15,726","2,007","8,512","3,897","3,204","..","1,411","8,756","820","6,376","348","1,212","43,605","9,221","26,769","586","68","930","3,198","2,016","817","11,770","3,440","166","681","1,185","341","626","505","1,270","1,491","566","701","798","7,478","3,245","0","643","3,136","454","28,440","4,727","4,565","2,714","486","2,572","7,175","1,680","403","252","324","53","656","235","206","1,857","84","451","4,725","272","157","4,296","18,801","2,090","749","764","1,344","276","1,119","1,028","648","668","412","1,757","1,530","225","232","494","3,820","656","537","452","2,492","1,197","1,295","13,843","9,593","2,250","2,000","17,423","2,004","403","1,131","1,450","2,905","2,236","832","2,587","597","3,278","9,906","1,672","119","2,802","849","574","810","236","1,101","366","1,377","1,302","6,461","-5,159"
"Q2 2006","197,264","17,926","15,891","2,035","8,568","3,977","3,198","..","1,393","8,896","826","6,496","348","1,226","44,154","9,359","27,246","598","70","953","3,273","1,796","859","11,935","3,461","162","695","1,200","344","651","509","1,304","1,506","572","716","815","7,708","3,377","0","669","3,195","467","29,342","4,757","4,435","2,728","534","2,716","7,765","1,747","405","247","329","57","667","235","212","1,964","84","460","4,784","274","159","4,351","18,766","2,081","755","759","1,419","274","1,108","1,054","654","673","418","1,796","1,555","229","232","505","3,614","656","534","450","2,524","1,207","1,317","13,866","9,635","2,205","2,026","17,459","2,015","410","1,158","1,453","2,775","2,333","819","2,646","609","3,241","10,059","1,698","120","2,831","860","587","823","237","1,124","380","1,399","1,277","6,528","-5,251"
"Q3 2006","199,875","18,209","16,147","2,062","8,508","3,997","3,138","..","1,373","8,985","835","6,551","349","1,250","44,799","9,473","27,667","606","70","960","3,393","1,752","878","12,040","3,464","164","700","1,226","342","650","515","1,308","1,524","582","734","831","7,877","3,462","0","686","3,254","475","29,710","4,883","4,670","2,768","512","2,795","7,592","1,781","410","244","329","57","672","235","216","2,004","85","457","4,838","273","161","4,404","18,856","2,093","773","768","1,439","269","1,129","1,065","660","679","427","1,806","1,557","234","227","508","3,602","650","525","445","2,558","1,217","1,341","13,820","9,580","2,198","2,042","18,008","2,020","406","1,149","1,545","3,049","2,343","803","2,725","620","3,348","10,142","1,707","119","2,835","863","591","838","238","1,146","381","1,424","1,525","6,687","-5,162"
"Q4 2006","201,717","18,319","16,243","2,076","8,501","4,043","3,109","..","1,349","8,994","833","6,555","350","1,256","45,106","9,604","28,142","607","70","973","3,298","1,683","729","12,133","3,471","164","701","1,227","350","670","521","1,313","1,536","579","750","851","7,973","3,482","1","687","3,319","484","29,465","4,829","4,876","2,725","478","2,892","7,066","1,821","416","246","337","57","707","245","217","2,003","85","465","4,897","274","165","4,458","19,122","2,141","768","781","1,384","262","1,139","1,065","662","685","438","1,840","1,584","241","229","516","3,757","657","524","449","2,589","1,233","1,356","14,034","9,754","2,214","2,066","18,521","2,040","392","1,163","1,563","3,097","2,366","874","2,801","636","3,589","10,250","1,717","122","2,872","865","588","851","237","1,164","385","1,449","1,813","6,946","-5,133"
"Q1 2007","205,302","18,549","16,407","2,142","8,569","4,123","3,123","..","1,323","9,194","842","6,717","351","1,284","46,112","9,764","28,665","621","71","996","3,434","1,710","851","12,393","3,594","173","722","1,254","352","676","522","1,328","1,556","591","751","874","8,196","3,602","1","723","3,378","492","30,036","4,778","4,968","2,760","507","2,873","7,518","1,801","434","255","345","56","706","247","219","2,004","86","479","4,958","277","166","4,515","19,436","2,148","790","787","1,459","267","1,191","1,081","671","689","463","1,891","1,621","238","225","528","3,755","658","521","453","2,621","1,250","1,371","14,172","9,817","2,249","2,106","18,936","2,063","429","1,207","1,463","3,074","2,275","895","2,966","664","3,900","10,406","1,750","123","2,906","869","606","864","235","1,190","396","1,467","1,724","6,908","-5,184"
"Q2 2007","209,337","18,760","16,592","2,168","8,660","4,223","3,132","..","1,305","9,264","852","6,779","353","1,280","46,910","9,876","29,028","630","72","1,017","3,510","1,913","864","12,584","3,672","178","739","1,274","356","678","529","1,349","1,562","601","754","892","8,300","3,640","1","726","3,431","502","31,559","4,956","5,195","2,979","550","2,950","8,088","1,885","442","266","354","56","711","249","219","2,083","87","489","5,012","281","170","4,561","19,571","2,208","810","804","1,559","267","1,177","1,084","687","692","475","1,914","1,643","236","224","533","3,603","667","527","461","2,649","1,264","1,385","14,371","9,945","2,294","2,132","19,234","2,086","433","1,275","1,562","3,052","2,233","930","3,014","707","3,942","10,557","1,788","124","2,944","883","617","880","236","1,227","383","1,475","1,906","7,075","-5,169"
"Q3 2007","211,646","18,847","16,667","2,180","8,667","4,205","3,165","..","1,297","9,366","847","6,863","356","1,300","47,477","10,012","29,485","637","74","1,032","3,512","1,838","887","12,730","3,699","181","751","1,292","364","673","532","1,369","1,574","612","770","913","8,467","3,730","1","742","3,486","508","31,056","4,846","4,871","3,025","547","2,937","7,952","1,887","450","270","359","55","722","258","224","2,062","88","503","5,068","287","172","4,609","19,936","2,240","814","814","1,527","274","1,234","1,101","691","704","487","1,965","1,695","253","219","543","3,722","666","525","462","2,692","1,284","1,408","14,626","10,154","2,296","2,176","19,598","2,108","436","1,318","1,492","3,245","2,427","917","3,025","746","3,884","10,760","1,839","128","2,982","908","629","895","237","1,244","392","1,506","2,356","7,574","-5,218"
"Q4 2007","215,744","19,076","16,871","2,205","8,763","4,289","3,177","..","1,297","9,365","840","6,854","355","1,316","48,418","10,193","30,088","641","76","1,054","3,489","1,865","1,012","12,857","3,711","176","752","1,319","374","691","536","1,369","1,590","621","788","930","8,607","3,779","1","759","3,551","517","31,802","4,857","4,999","2,847","555","2,983","8,536","1,912","460","264","365","57","733","263","225","2,141","89","516","5,137","292","173","4,672","20,393","2,263","836","828","1,530","279","1,234","1,110","709","716","496","1,969","1,715","246","219","550","4,018","675","532","468","2,727","1,297","1,430","14,874","10,371","2,306","2,197","19,590","2,131","456","1,357","1,509","3,117","2,287","959","3,152","784","3,838","10,883","1,859","131","3,003","917","629","914","239","1,272","392","1,527","3,252","8,521","-5,269"
"Q1 2008","218,325","19,234","17,056","2,178","8,775","4,333","3,136","..","1,306","9,312","832","6,846","352","1,282","49,180","10,355","30,632","643","75","1,086","3,471","1,845","1,073","12,916","3,717","177","746","1,344","375","679","543","1,375","1,593","627","795","945","8,709","3,800","1","765","3,615","528","33,433","5,264","5,066","3,067","593","3,069","9,127","1,945","469","266","363","60","750","267","231","2,287","89","520","5,141","289","175","4,677","20,109","2,259","833","839","1,527","273","1,276","1,081","694","718","502","1,988","1,718","249","218","551","3,743","666","512","462","2,771","1,316","1,455","14,897","10,358","2,336","2,203","19,770","2,231","419","1,348","1,403","3,176","2,472","963","3,220","775","3,763","10,997","1,858","131","3,012","923","639","923","244","1,297","386","1,584","3,081","8,263","-5,182"
"Q2 2008","220,171","19,585","17,359","2,226","8,847","4,395","3,144","..","1,308","9,389","834","6,910","352","1,293","50,014","10,468","31,027","646","76","1,122","3,517","1,967","1,191","13,017","3,740","173","760","1,334","386","676","545","1,394","1,616","623","806","964","8,835","3,840","1","775","3,683","536","33,316","5,373","4,682","2,963","585","3,025","9,509","1,945","470","259","364","59","766","268","235","2,212","92","509","5,217","290","180","4,747","20,244","2,273","857","849","1,483","269","1,312","1,108","710","737","515","2,011","1,775","248","215","557","3,687","667","510","461","2,817","1,338","1,479","15,043","10,465","2,345","2,233","19,738","2,208","399","1,371","1,588","3,272","2,443","955","3,141","794","3,567","11,119","1,872","135","3,044","927","643","936","247","1,319","402","1,594","2,990","8,277","-5,287"
"Q3 2008","222,118","20,024","17,744","2,280","8,870","4,440","3,127","..","1,303","9,459","845","6,923","356","1,335","50,761","10,552","31,306","659","78","1,136","3,595","2,224","1,211","13,260","3,815","172","776","1,354","395","703","553","1,407","1,642","638","824","981","8,988","3,905","1","788","3,750","544","33,079","5,088","4,556","2,706","605","3,133","9,718","1,976","472","256","371","58","802","273","240","2,219","98","508","5,296","291","187","4,818","20,573","2,278","891","851","1,483","268","1,350","1,125","723","750","532","2,027","1,780","254","214","565","3,844","664","513","461","2,871","1,362","1,509","15,098","10,530","2,335","2,233","19,644","2,181","477","1,338","1,633","3,051","2,450","895","3,339","795","3,485","11,246","1,884","139","3,086","935","648","948","249","1,338","400","1,619","2,949","8,229","-5,280"
"Q4 2008","217,895","20,438","18,132","2,306","8,831","4,428","3,111","..","1,292","9,273","833","6,763","356","1,321","50,772","10,643","31,608","635","79","1,158","3,625","2,091","933","12,949","3,645","167","749","1,322","383","682","538","1,374","1,646","632","812","999","9,118","3,952","1","789","3,823","553","29,594","4,199","4,215","2,494","614","3,126","7,676","1,948","486","266","359","58","802","269","241","2,250","94","497","5,376","292","180","4,904","20,556","2,237","861","853","1,466","272","1,347","1,129","715","766","535","2,068","1,792","252","218","576","3,819","666","521","463","2,939","1,394","1,545","15,044","10,552","2,289","2,203","18,874","2,221","418","1,349","1,255","3,112","2,754","812","3,251","759","2,943","11,262","1,881","134","3,088","906","640","964","253","1,350","410","1,636","2,869","8,039","-5,170"
"Q1 2009","216,580","20,810","18,465","2,345","8,878","4,487","3,118","..","1,273","9,226","813","6,736","359","1,318","51,208","10,775","32,039","610","80","1,190","3,735","2,026","753","12,721","3,493","159","726","1,303","379","671","518","1,345","1,669","639","820","999","9,197","3,968","1","787","3,882","559","28,191","4,055","3,996","2,286","596","3,105","7,142","1,927","495","269","369","58","795","256","238","2,012","91","501","5,530","293","184","5,053","20,492","2,128","829","818","1,396","268","1,310","1,116","728","799","526","2,090","1,831","264","221","590","3,896","681","524","477","2,961","1,426","1,535","14,849","10,465","2,239","2,145","18,154","2,263","396","1,383","1,446","2,934","2,525","716","3,051","806","2,634","11,309","1,852","130","3,142","885","637","973","258","1,374","413","1,645","3,054","8,001","-4,947"
"Q2 2009","218,407","21,006","18,623","2,383","8,929","4,523","3,148","..","1,258","9,216","812","6,728","357","1,319","51,155","10,926","32,469","633","81","1,216","3,584","1,554","692","12,793","3,491","151","731","1,325","382","671","531","1,368","1,688","637","825","993","9,300","4,012","1","797","3,929","561","29,399","4,351","4,821","2,299","587","3,070","7,278","1,952","502","253","377","56","817","247","241","1,935","98","515","5,615","295","185","5,135","20,418","2,053","827","786","1,365","267","1,261","1,136","742","818","541","2,069","1,881","279","223","595","3,874","692","525","484","3,012","1,462","1,550","14,779","10,467","2,231","2,081","18,047","2,323","426","1,344","1,540","2,827","2,252","807","3,061","690","2,777","11,430","1,882","133","3,181","881","640","982","261","1,379","411","1,680","3,308","8,002","-4,694"
"Q3 2009","221,608","21,074","18,677","2,397","8,990","4,544","3,199","..","1,247","9,178","803","6,699","353","1,323","51,654","11,077","32,897","642","82","1,216","3,520","1,470","750","12,930","3,565","151","731","1,359","384","674","532","1,379","1,681","647","830","997","9,465","4,088","1","824","3,981","571","30,606","4,718","5,097","2,386","598","3,084","7,602","1,967","508","241","386","52","836","249","248","2,018","86","530","5,681","298","187","5,196","20,367","2,056","839","780","1,365","268","1,272","1,139","746","831","538","2,076","1,909","278","223","597","3,753","688","527","482","3,066","1,492","1,574","14,977","10,586","2,271","2,120","18,577","2,366","439","1,386","1,583","2,866","2,393","819","3,125","648","2,952","11,532","1,916","136","3,184","884","647","988","262","1,398","407","1,710","3,511","8,187","-4,676"
"Q4 2009","225,100","21,143","18,719","2,424","8,948","4,434","3,273","..","1,241","9,204","800","6,697","350","1,357","52,343","11,202","33,285","651","83","1,227","3,629","1,478","788","13,082","3,664","152","735","1,373","386","678","534","1,383","1,671","651","854","1,001","9,575","4,105","1","842","4,046","581","31,515","4,454","5,263","2,529","614","3,199","8,176","2,040","512","241","394","54","834","259","247","2,060","97","542","5,724","300","187","5,237","20,426","2,084","869","766","1,353","256","1,275","1,120","752","848","544","2,095","1,961","295","224","598","3,641","717","534","494","3,123","1,519","1,604","15,014","10,639","2,247","2,128","19,891","2,373","466","1,400","1,716","3,208","2,709","862","3,200","734","3,223","11,601","1,915","136","3,165","887","653","996","263","1,413","411","1,762","3,511","8,335","-4,824"
"Q1 2010","227,877","21,329","18,885","2,444","9,169","4,556","3,375","..","1,238","9,604","826","7,033","341","1,404","52,685","11,287","33,539","666","84","1,261","3,614","1,493","741","13,239","3,713","160","748","1,342","391","694","556","1,409","1,687","661","859","1,019","9,667","4,141","1","843","4,090","592","32,086","4,505","5,253","2,670","615","3,174","8,535","2,016","520","242","399","53","867","266","243","2,087","100","541","5,749","303","193","5,253","20,697","2,120","868","767","1,384","256","1,283","1,143","757","854","549","2,201","2,002","309","225","611","3,628","710","536","494","3,186","1,550","1,636","15,462","10,836","2,336","2,290","19,826","2,341","493","1,377","1,635","3,144","2,736","878","3,142","923","3,157","11,739","1,895","136","3,237","906","668","1,004","264","1,438","417","1,774","3,439","8,592","-5,153"
"Q2 2010","229,860","21,413","18,967","2,446","9,252","4,544","3,468","..","1,240","9,507","827","6,956","341","1,383","53,357","11,417","33,967","649","86","1,290","3,605","1,563","780","13,170","3,648","159","748","1,327","391","685","547","1,416","1,690","663","856","1,040","9,834","4,224","1","840","4,168","601","32,024","4,200","5,684","2,659","606","3,171","8,214","1,991","532","247","406","54","876","272","247","2,224","98","543","5,772","306","193","5,273","20,896","2,150","914","761","1,371","260","1,254","1,152","768","844","567","2,125","2,023","277","227","612","3,852","718","533","488","3,256","1,584","1,672","15,410","10,879","2,308","2,223","20,167","2,314","467","1,413","1,470","3,351","2,815","846","3,238","843","3,410","11,901","1,941","136","3,258","919","667","1,016","268","1,457","423","1,816","3,901","8,955","-5,054"
"Q3 2010","232,683","21,634","19,154","2,480","9,356","4,544","3,564","..","1,248","9,615","838","7,043","355","1,379","54,313","11,552","34,355","641","90","1,298","3,975","1,592","810","13,090","3,601","154","741","1,333","390","673","532","1,409","1,688","662","845","1,062","9,970","4,282","2","844","4,231","611","32,795","4,269","5,954","2,715","615","3,217","8,340","2,005","555","257","415","57","877","282","262","2,330","98","547","5,903","318","193","5,392","21,138","2,165","962","747","1,394","260","1,257","1,167","756","852","584","2,232","2,095","283","228","625","3,800","716","534","481","3,330","1,626","1,704","15,524","10,978","2,297","2,249","20,188","2,281","444","1,428","1,410","3,265","2,873","807","3,234","857","3,589","12,079","2,027","138","3,244","917","671","1,033","271","1,485","445","1,848","3,748","9,038","-5,290"
"Q4 2010","236,300","21,703","19,222","2,481","9,380","4,581","3,539","..","1,260","9,752","844","7,142","361","1,405","54,774","11,667","34,730","648","90","1,322","3,903","1,561","853","13,203","3,675","156","758","1,352","394","671","534","1,427","1,697","660","801","1,078","10,051","4,301","2","843","4,283","622","34,393","4,405","5,858","2,853","626","3,317","9,411","2,063","561","250","422","57","907","288","267","2,452","99","557","5,997","321","201","5,475","21,199","2,172","956","750","1,371","263","1,274","1,183","748","860","592","2,238","2,142","281","231","626","3,756","729","543","484","3,397","1,667","1,730","15,579","11,023","2,280","2,276","20,523","2,248","464","1,431","1,353","3,209","2,928","842","3,278","1,040","3,730","12,147","2,039","138","3,238","928","678","1,056","271","1,508","449","1,842","4,202","9,555","-5,353"
"Q1 2011","238,139","21,861","19,367","2,494","9,392","4,603","3,512","..","1,277","9,710","842","7,075","362","1,431","55,365","11,787","35,149","653","90","1,341","3,874","1,554","917","13,162","3,642","161","741","1,332","397","686","543","1,417","1,697","665","809","1,072","10,162","4,355","2","865","4,311","629","34,714","4,283","5,800","2,749","619","3,277","10,104","2,018","568","256","428","60","894","286","262","2,445","97","568","6,084","325","200","5,559","21,209","2,094","1,004","725","1,319","264","1,261","1,188","755","857","600","2,234","2,189","270","233","631","3,811","745","548","481","3,451","1,688","1,763","15,693","11,081","2,317","2,295","20,895","2,273","487","1,427","1,422","3,371","2,921","855","3,311","949","3,879","12,299","2,038","140","3,257","947","674","1,070","272","1,529","457","1,915","4,142","9,260","-5,118"
"Q2 2011","240,783","22,086","19,572","2,514","9,464","4,613","3,556","..","1,295","9,895","862","7,222","365","1,446","56,093","11,897","35,496","649","91","1,372","3,929","1,642","1,017","13,263","3,669","161","746","1,335","400","688","551","1,444","1,703","679","813","1,074","10,240","4,393","2","873","4,332","640","35,340","4,306","5,648","2,800","640","3,368","10,442","2,106","572","270","437","60","912","286","266","2,544","100","583","6,148","328","210","5,610","21,232","2,042","1,035","705","1,360","270","1,263","1,199","767","869","612","2,245","2,236","291","233","642","3,721","715","548","479","3,494","1,704","1,790","15,983","11,297","2,358","2,328","21,102","2,316","512","1,403","1,424","3,445","2,964","858","3,357","1,024","3,799","12,391","2,050","140","3,274","965","677","1,084","275","1,556","459","1,911","4,052","9,593","-5,541"
"Q3 2011","242,665","22,385","19,821","2,564","9,593","4,679","3,602","..","1,312","9,994","878","7,285","362","1,469","56,650","12,000","35,824","652","92","1,379","4,053","1,654","996","13,311","3,651","162","746","1,317","404","698","564","1,472","1,730","677","809","1,081","10,273","4,391","2","862","4,367","651","35,332","4,090","5,713","2,849","668","3,368","10,470","2,119","574","266","446","61","925","293","268","2,543","98","581","6,225","332","219","5,674","21,356","1,966","1,064","684","1,385","271","1,260","1,207","787","875","622","2,291","2,266","296","235","653","3,741","727","548","478","3,550","1,728","1,822","16,214","11,448","2,405","2,361","21,160","2,337","552","1,368","1,481","3,508","2,913","902","3,360","1,082","3,657","12,512","2,056","143","3,309","992","679","1,098","278","1,586","462","1,909","4,110","9,755","-5,645"
"Q4 2011","245,497","22,553","19,974","2,579","9,710","4,753","3,627","..","1,330","10,080","880","7,375","360","1,465","56,897","12,127","36,261","650","93","1,392","3,908","1,519","947","13,346","3,640","162","762","1,320","422","677","560","1,486","1,747","682","796","1,092","10,395","4,454","3","865","4,417","656","36,497","4,316","6,056","2,907","682","3,454","10,735","2,163","580","267","454","58","937","294","270","2,634","100","590","6,287","334","219","5,734","21,580","1,929","1,101","686","1,403","271","1,288","1,211","805","881","627","2,334","2,279","288","235","667","3,830","718","543","484","3,619","1,763","1,856","16,492","11,629","2,471","2,392","21,224","2,321","594","1,387","1,471","3,539","2,927","929","3,375","1,056","3,625","12,671","2,086","147","3,340","1,023","689","1,115","281","1,600","467","1,923","4,146","9,898","-5,752"
"Q1 2012","247,417","22,637","20,086","2,551","9,718","4,756","3,614","..","1,348","10,232","900","7,462","362","1,508","57,535","12,261","36,704","651","94","1,417","4,021","1,420","967","13,399","3,665","165","769","1,322","430","671","562","1,479","1,769","674","781","1,112","10,406","4,385","3","873","4,478","667","37,456","4,989","6,139","3,091","670","3,387","10,696","2,168","583","269","462","59","941","300","272","2,730","100","600","6,333","337","223","5,773","21,686","1,872","1,044","687","1,406","267","1,306","1,240","818","889","637","2,369","2,300","307","234","656","3,913","713","534","494","3,701","1,807","1,894","16,638","11,782","2,455","2,401","20,770","2,340","578","1,429","1,561","3,190","2,664","905","3,396","1,030","3,677","12,781","2,101","151","3,345","1,006","705","1,131","281","1,622","477","1,962","4,125","9,955","-5,830"
"Q2 2012","248,297","22,756","20,174","2,582","9,901","4,875","3,658","..","1,368","10,123","894","7,352","366","1,511","57,931","12,387","37,117","653","96","1,445","3,896","1,329","1,008","13,329","3,603","163","772","1,310","434","676","558","1,496","1,747","667","767","1,136","10,487","4,426","3","863","4,517","678","36,900","4,604","6,081","3,014","652","3,372","10,659","2,164","594","274","470","58","956","304","274","2,715","101","608","6,361","339","224","5,798","21,626","1,875","1,039","684","1,438","267","1,330","1,193","803","899","636","2,395","2,332","304","238","657","3,811","702","525","498","3,746","1,831","1,915","16,769","11,864","2,483","2,422","21,113","2,347","569","1,464","1,612","3,338","2,795","903","3,434","1,048","3,603","12,879","2,099","153","3,376","1,000","717","1,141","284","1,648","480","1,981","4,376","10,205","-5,829"
"Q3 2012","250,115","22,973","20,373","2,600","9,919","4,844","3,686","..","1,389","10,118","886","7,338","369","1,525","58,668","12,528","37,569","656","98","1,468","4,092","1,368","889","13,392","3,610","163","781","1,309","438","678","561","1,519","1,765","657","755","1,156","10,632","4,515","3","863","4,562","689","37,049","4,530","6,252","3,014","628","3,349","10,762","2,161","602","277","476","59","964","300","274","2,691","102","608","6,385","343","225","5,817","21,640","1,784","1,051","674","1,430","272","1,346","1,240","810","899","652","2,412","2,342","305","239","660","3,797","711","524","492","3,809","1,861","1,948","16,822","11,932","2,456","2,434","21,244","2,359","570","1,484","1,663","3,258","2,750","964","3,478","1,042","3,676","12,998","2,103","154","3,414","1,003","717","1,152","288","1,681","482","2,004","4,466","10,293","-5,827"
"Q4 2012","252,224","23,087","20,505","2,582","9,930","4,876","3,642","..","1,412","10,159","885","7,358","370","1,546","59,567","12,673","38,041","655","100","1,493","4,200","1,500","905","13,480","3,628","163","792","1,315","448","674","563","1,559","1,759","646","759","1,174","10,665","4,513","3","854","4,598","697","37,506","4,737","6,176","3,069","618","3,374","10,943","2,165","611","276","487","56","991","299","278","2,712","101","613","6,480","346","231","5,903","21,639","1,738","1,056","665","1,453","277","1,338","1,247","825","901","658","2,354","2,353","322","238","666","3,853","698","514","483","3,884","1,900","1,984","16,953","12,030","2,472","2,451","21,351","2,378","567","1,554","1,639","3,180","2,641","964","3,516","1,117","3,795","13,098","2,102","157","3,413","1,016","730","1,163","289","1,715","487","2,026","4,425","10,363","-5,938"
"Q1 2013","255,256","23,283","20,729","2,554","10,060","4,904","3,720","..","1,436","10,340","887","7,515","372","1,566","60,154","12,817","38,499","659","101","1,530","4,133","1,520","895","13,613","3,679","163","783","1,345","459","678","579","1,569","1,773","642","760","1,183","10,747","4,514","3","868","4,652","710","38,288","4,746","6,614","3,124","641","3,439","11,009","2,176","623","275","497","57","1,011","302","279","2,776","100","619","6,615","350","221","6,044","21,595","1,734","1,032","669","1,513","274","1,318","1,228","827","922","653","2,423","2,379","297","242","681","3,721","691","495","496","3,961","1,935","2,026","17,258","12,258","2,513","2,487","21,794","2,388","569","1,544","1,695","3,245","2,759","964","3,523","1,185","3,922","13,153","2,097","161","3,407","1,000","720","1,175","291","1,726","497","2,079","4,395","10,508","-6,113"
"Q2 2013","258,142","23,514","20,912","2,602","10,061","4,913","3,694","..","1,454","10,345","914","7,495","373","1,563","60,882","12,969","38,982","652","101","1,559","4,111","1,598","910","13,648","3,696","160","768","1,357","474","673","591","1,549","1,778","646","769","1,187","10,873","4,562","4","881","4,704","722","38,989","4,875","7,041","3,214","668","3,501","10,841","2,240","638","283","507","57","1,015","306","278","2,798","102","625","6,713","349","228","6,136","21,775","1,750","1,038","671","1,530","275","1,328","1,237","813","941","666","2,456","2,378","305","241","686","3,762","700","491","507","4,031","1,970","2,061","17,362","12,310","2,526","2,526","22,162","2,421","451","1,545","1,702","3,338","2,905","1,021","3,587","1,269","3,923","13,268","2,096","165","3,452","1,014","723","1,186","291","1,746","498","2,097","4,519","10,645","-6,126"
"Q3 2013","261,208","23,608","21,003","2,605","10,095","4,946","3,684","..","1,465","10,624","938","7,708","378","1,600","61,672","13,128","39,470","670","101","1,591","4,304","1,544","864","13,841","3,696","169","769","1,369","492","692","598","1,607","1,832","649","777","1,191","10,977","4,611","5","876","4,754","731","39,789","4,915","7,001","3,251","664","3,543","11,457","2,287","653","278","518","55","1,019","315","281","2,811","101","640","6,736","352","223","6,161","21,952","1,739","1,060","647","1,544","275","1,358","1,284","838","956","674","2,444","2,399","304","245","688","3,757","713","496","531","4,090","1,996","2,094","17,589","12,496","2,532","2,561","22,350","2,453","332","1,550","1,731","3,295","2,903","1,037","3,654","1,365","4,030","13,436","2,105","171","3,506","1,026","725","1,195","291","1,769","509","2,139","4,449","10,727","-6,278"
"Q4 2013","263,480","23,890","21,278","2,612","10,100","4,947","3,683","..","1,470","10,746","951","7,779","378","1,638","62,647","13,277","39,925","646","103","1,617","4,585","1,578","916","13,823","3,664","166","774","1,354","486","701","613","1,616","1,815","649","779","1,206","11,167","4,730","6","896","4,800","735","40,094","4,818","7,079","3,247","641","3,560","11,711","2,284","664","280","525","57","1,008","319","284","2,869","103","645","6,775","354","223","6,198","21,963","1,691","1,083","642","1,533","268","1,355","1,299","819","958","677","2,466","2,423","300","249","703","3,765","698","501","533","4,145","2,016","2,129","17,664","12,558","2,539","2,567","22,521","2,432","574","1,570","1,681","3,217","2,834","1,014","3,748","1,349","4,102","13,514","2,112","168","3,504","1,026","743","1,202","291","1,796","509","2,163","4,431","10,834","-6,403"
"Q1 2014","266,420","24,128","21,508","2,620","10,211","4,992","3,751","..","1,468","10,562","953","7,623","380","1,606","63,623","13,426","40,376","658","103","1,633","4,632","1,778","1,017","13,912","3,709","171","783","1,398","485","684","603","1,627","1,804","658","778","1,212","11,175","4,676","10","915","4,833","741","40,764","4,683","7,384","3,347","674","3,566","11,896","2,315","672","288","533","58","1,030","323","288","2,961","102","644","6,812","357","223","6,232","21,986","1,725","1,043","655","1,553","280","1,356","1,257","796","965","689","2,463","2,454","282","252","709","3,765","710","493","539","4,207","2,048","2,159","17,859","12,733","2,539","2,587","22,908","2,448","523","1,619","1,612","3,383","3,027","1,040","3,762","1,333","4,161","13,632","2,116","168","3,547","1,037","756","1,211","292","1,820","517","2,168","4,641","10,983","-6,342"
"Q2 2014","270,515","24,392","21,749","2,643","10,399","5,095","3,840","..","1,464","10,925","968","7,912","380","1,665","64,216","13,573","40,827","663","105","1,659","4,579","1,885","925","14,264","3,950","174","813","1,421","491","707","621","1,631","1,814","655","762","1,225","11,256","4,698","12","914","4,885","747","41,601","4,928","7,737","3,382","711","3,656","11,836","2,361","685","291","544","59","1,036","325","292","3,010","103","645","6,994","452","230","6,312","22,268","1,699","1,058","651","1,554","275","1,382","1,287","796","983","705","2,530","2,487","286","256","712","3,812","740","520","535","4,265","2,080","2,185","18,369","13,112","2,618","2,639","23,450","2,479","597","1,609","1,666","3,374","3,037","1,066","3,797","1,448","4,377","13,843","2,138","169","3,616","1,035","769","1,222","294","1,851","521","2,228","4,273","11,158","-6,885"
"Q3 2014","273,297","24,740","22,082","2,658","10,465","5,104","3,902","..","1,459","11,165","982","8,082","379","1,722","64,607","13,724","41,307","683","106","1,690","4,378","1,789","930","14,497","4,008","175","817","1,472","487","724","611","1,648","1,864","670","779","1,242","11,420","4,796","13","931","4,927","753","41,901","5,075","7,969","3,415","719","3,731","11,477","2,435","699","294","553","58","1,048","321","296","3,044","106","661","7,149","454","241","6,454","22,350","1,680","1,069","648","1,607","278","1,405","1,303","837","1,002","717","2,552","2,503","271","258","723","3,704","740","519","534","4,327","2,116","2,211","18,616","13,324","2,622","2,670","23,869","2,526","609","1,611","1,714","3,395","3,041","1,120","3,880","1,519","4,454","13,992","2,144","169","3,641","1,045","779","1,231","297","1,884","536","2,266","4,199","11,129","-6,930"
"Q4 2014","276,021","25,142","22,460","2,682","10,589","5,199","3,937","..","1,453","11,322","1,020","8,123","383","1,796","65,384","13,887","41,782","688","109","1,726","4,541","1,733","918","14,541","4,043","175","817","1,436","476","714","618","1,667","1,883","676","788","1,248","11,535","4,841","13","943","4,977","761","41,421","4,994","8,085","3,382","752","3,819","10,835","2,456","697","292","562","60","1,053","312","301","3,047","108","666","7,252","457","256","6,539","22,647","1,664","1,097","636","1,706","288","1,420","1,328","849","1,025","727","2,596","2,504","281","257","719","3,743","752","516","539","4,385","2,149","2,236","18,789","13,460","2,635","2,694","24,329","2,522","605","1,620","1,756","3,396","3,104","1,107","4,039","1,648","4,532","14,169","2,147","166","3,695","1,051","789","1,261","298","1,920","538","2,304","4,516","11,515","-6,999"
"Q1 2015","276,316","25,266","22,582","2,684","10,669","5,215","4,009","..","1,445","11,353","1,022","8,184","379","1,768","66,350","14,053","42,230","699","111","1,742","4,738","1,844","933","14,605","4,030","173","833","1,455","481","685","627","1,727","1,885","679","775","1,255","11,683","4,895","13","961","5,046","768","39,987","4,768","8,120","3,283","738","3,758","9,673","2,449","704","291","576","60","1,058","309","302","3,127","108","663","7,297","457","255","6,585","22,591","1,642","1,062","644","1,662","284","1,437","1,296","819","1,034","736","2,601","2,487","279","257","723","3,861","724","499","544","4,444","2,170","2,274","18,797","13,500","2,623","2,674","24,345","2,529","609","1,642","1,730","3,245","2,949","1,118","4,131","1,634","4,758","14,245","2,147","167","3,728","1,097","792","1,272","298","1,939","544","2,261","4,684","11,803","-7,119"
"Q2 2015","278,551","25,484","22,774","2,710","10,706","5,269","4,001","..","1,436","11,551","1,012","8,343","378","1,818","66,517","14,214","42,681","729","112","1,785","4,601","1,597","798","14,787","4,152","172","838","1,449","477","679","635","1,760","1,894","686","788","1,257","11,802","4,918","16","977","5,115","776","41,042","4,821","8,510","3,505","739","3,797","9,985","2,483","716","294","587","62","1,062","311","303","3,086","109","672","7,346","455","257","6,634","22,669","1,582","1,009","647","1,614","283","1,442","1,318","848","1,034","753","2,627","2,467","288","256","742","3,982","745","488","544","4,508","2,199","2,309","19,239","13,802","2,656","2,781","24,480","2,544","609","1,663","1,807","3,246","2,942","1,131","4,231","1,496","4,811","14,352","2,165","164","3,751","1,108","812","1,282","298","1,954","549","2,269","4,068","11,557","-7,489"
"Q3 2015","282,392","25,699","22,984","2,715","10,784","5,391","3,967","..","1,426","11,739","1,046","8,468","375","1,850","67,163","14,358","43,094","721","113","1,815","4,628","1,717","717","14,911","4,211","170","851","1,436","489","673","639","1,788","1,925","688","785","1,256","11,937","4,981","23","983","5,167","783","42,020","4,770","9,117","3,710","749","3,816","10,116","2,468","725","298","593","64","1,074","311","302","3,113","110","684","7,433","454","261","6,718","22,966","1,617","1,034","644","1,642","294","1,469","1,302","849","1,063","764","2,673","2,474","287","256","762","4,079","733","481","543","4,579","2,239","2,340","19,508","13,996","2,678","2,834","24,926","2,583","621","1,630","1,798","3,403","3,057","1,126","4,293","1,580","4,835","14,534","2,175","168","3,849","1,129","817","1,294","298","1,973","561","2,270","4,193","11,675","-7,482"
"Q4 2015","284,820","25,960","23,215","2,745","10,792","5,391","3,986","..","1,415","11,926","1,028","8,636","372","1,890","67,654","14,495","43,484","727","114","1,856","4,694","1,596","688","15,074","4,226","174","872","1,493","492","679","664","1,811","1,930","695","775","1,263","12,098","5,061","33","1,004","5,211","789","42,399","4,762","9,571","3,843","757","3,884","9,763","2,534","732","299","598","64","1,081","309","303","3,104","112","683","7,444","454","264","6,726","23,110","1,634","1,021","636","1,659","296","1,509","1,299","848","1,065","779","2,716","2,480","313","248","771","4,071","758","471","536","4,646","2,277","2,369","19,597","14,119","2,699","2,779","25,060","2,610","615","1,663","1,839","3,380","3,004","1,197","4,209","1,583","4,960","14,626","2,161","165","3,870","1,139","803","1,310","302","1,991","571","2,314","4,434","11,862","-7,428"
"Q1 2016","285,296","26,188","23,507","2,681","10,965","5,479","4,083","..","1,403","11,912","1,055","8,568","366","1,923","68,130","14,643","43,886","746","115","1,881","4,759","1,489","611","15,272","4,295","180","885","1,520","498","693","659","1,828","1,961","704","783","1,266","12,247","5,078","43","1,029","5,303","794","41,832","4,688","9,678","3,886","785","4,070","8,847","2,538","741","304","603","65","1,076","307","306","3,137","114","687","7,540","447","270","6,823","23,201","1,636","1,041","614","1,714","291","1,491","1,324","853","1,090","790","2,750","2,486","321","246","769","4,036","752","462","535","4,708","2,310","2,398","19,917","14,352","2,734","2,831","25,303","2,607","643","1,677","1,830","3,459","3,040","1,171","4,275","1,689","4,912","14,682","2,161","168","3,921","1,137","797","1,328","303","2,017","570","2,280","3,399","11,521","-8,122"
"Q2 2016","286,760","26,124","23,413","2,711","11,091","5,559","4,148","..","1,384","11,827","1,076","8,543","362","1,846","68,799","14,799","44,290","744","117","1,911","4,822","1,454","662","15,376","4,367","184","879","1,532","497","708","644","1,824","1,975","698","801","1,267","12,374","5,081","59","1,057","5,378","799","42,372","4,617","9,799","3,728","761","3,999","9,475","2,550","748","305","620","68","1,107","306","309","3,161","116","703","7,644","442","273","6,929","23,090","1,656","1,054","609","1,678","296","1,474","1,354","874","1,137","791","2,786","2,501","270","246","766","3,900","736","448","514","4,776","2,350","2,426","20,210","14,543","2,744","2,923","25,309","2,622","540","1,685","1,732","3,458","3,050","1,198","4,299","1,666","5,059","14,851","2,154","168","3,980","1,150","806","1,346","304","2,047","576","2,320","2,917","11,351","-8,434"
"Q3 2016","289,033","26,214","23,487","2,727","11,002","5,444","4,203","..","1,355","11,730","1,054","8,436","361","1,879","69,516","14,950","44,673","741","118","1,945","4,901","1,568","620","15,442","4,292","188","868","1,579","514","747","658","1,843","1,989","692","805","1,267","12,462","5,052","78","1,083","5,443","806","42,441","4,524","9,786","3,838","787","3,949","9,357","2,551","758","312","630","69","1,119","305","314","3,322","115","705","7,749","440","288","7,021","23,350","1,612","1,066","617","1,686","302","1,455","1,345","890","1,112","798","2,820","2,512","291","247","771","4,101","762","451","512","4,844","2,385","2,459","20,592","14,787","2,763","3,042","25,593","2,661","555","1,718","1,762","3,435","2,992","1,232","4,331","1,626","5,281","15,065","2,176","175","4,009","1,210","834","1,361","306","2,086","582","2,326","3,033","11,733","-8,700"
"Q4 2016","292,579","26,418","23,631","2,787","11,116","5,540","4,257","..","1,319","11,801","1,076","8,460","359","1,906","70,086","15,088","45,056","768","119","1,974","4,864","1,548","669","15,688","4,444","187","881","1,570","518","773","680","1,808","2,023","690","836","1,278","12,578","5,034","99","1,109","5,524","812","43,842","4,516","10,265","3,959","808","4,029","10,088","2,567","767","313","637","70","1,119","304","319","3,262","114","705","7,792","441","294","7,057","23,469","1,698","1,039","636","1,754","298","1,449","1,346","898","1,105","818","2,861","2,516","275","253","794","3,991","778","447","513","4,933","2,441","2,492","20,656","14,820","2,779","3,057","25,757","2,679","567","1,712","1,770","3,471","3,053","1,217","4,319","1,644","5,325","15,161","2,193","176","4,029","1,202","837","1,378","308","2,123","584","2,331","3,282","12,075","-8,793"
"Q1 2017","296,967","26,545","23,739","2,806","11,141","5,594","4,272","..","1,275","11,930","1,066","8,578","364","1,922","70,718","15,247","45,467","768","120","2,007","4,769","1,652","688","15,941","4,466","191","887","1,673","531","799","704","1,849","2,042","688","825","1,286","12,761","5,136","125","1,111","5,577","812","45,590","4,708","10,848","4,123","832","4,245","10,524","2,550","778","319","644","72","1,133","307","324","3,359","115","709","7,950","443","300","7,207","23,986","1,751","1,088","616","1,864","293","1,469","1,361","911","1,145","838","2,911","2,523","296","258","806","4,123","795","425","513","5,010","2,495","2,515","21,011","15,093","2,833","3,085","26,197","2,731","633","1,749","1,826","3,502","3,086","1,270","4,326","1,651","5,423","15,289","2,213","180","4,008","1,231","845","1,395","309","2,164","597","2,347","2,898","11,921","-9,023"
"Q2 2017","301,062","27,186","24,417","2,769","11,200","5,684","4,275","..","1,241","12,193","1,089","8,752","366","1,986","71,293","15,383","45,865","778","121","2,036","4,733","1,740","637","16,145","4,456","196","907","1,706","541","815","732","1,891","2,119","678","805","1,299","12,951","5,205","143","1,144","5,647","812","46,200","4,695","11,196","4,269","839","4,361","10,305","2,611","789","323","654","76","1,149","304","328","3,460","119","722","8,210","443","310","7,457","24,080","1,786","1,124","589","1,875","295","1,436","1,390","916","1,171","853","2,914","2,531","276","264","815","4,094","814","423","514","5,079","2,521","2,558","21,309","15,315","2,827","3,167","26,546","2,762","729","1,776","1,874","3,487","3,051","1,283","4,394","1,727","5,463","15,597","2,220","182","4,171","1,286","845","1,415","309","2,197","602","2,370","3,073","12,137","-9,064"
"Q3 2017","303,541","27,417","24,599","2,818","11,259","5,757","4,283","..","1,219","12,316","1,098","8,878","369","1,971","71,751","15,535","46,329","807","123","2,072","4,555","1,717","613","16,144","4,473","195","920","1,672","538","787","730","1,935","2,085","683","812","1,314","13,067","5,256","155","1,162","5,682","812","46,581","4,763","11,148","4,366","817","4,400","10,340","2,688","799","325","650","79","1,162","302","331","3,570","122","719","8,272","446","307","7,519","24,199","1,744","1,127","583","1,818","303","1,517","1,428","934","1,196","867","2,955","2,538","277","266","819","4,097","795","429","506","5,164","2,562","2,602","21,640","15,554","2,847","3,239","26,894","2,789","762","1,792","1,902","3,585","3,104","1,281","4,388","1,736","5,555","15,673","2,234","178","4,228","1,236","844","1,435","310","2,231","611","2,366","3,164","12,347","-9,183"
"Q4 2017","307,583","27,544","24,645","2,899","11,389","5,865","4,318","..","1,206","12,392","1,087","8,951","368","1,986","72,547","15,674","46,829","820","125","2,106","4,619","1,696","678","16,387","4,583","200","938","1,751","542","768","716","1,961","2,096","689","815","1,328","13,142","5,302","161","1,138","5,727","814","47,891","4,719","11,161","4,426","848","4,567","11,208","2,821","808","321","642","78","1,177","302","336","3,626","122","729","8,393","447","315","7,631","24,619","1,799","1,158","569","1,864","306","1,616","1,445","956","1,252","885","2,986","2,552","287","264","831","4,158","776","425","490","5,257","2,612","2,645","21,806","15,726","2,859","3,221","27,602","2,801","769","1,814","1,911","3,697","3,127","1,300","4,615","1,779","5,789","15,893","2,232","180","4,366","1,230","849","1,455","311","2,256","616","2,398","2,721","12,388","-9,667"
"Q1 2018","311,034","27,700","24,774","2,926","11,568","5,936","4,400","0","1,232","12,534","1,114","9,056","367","1,997","73,341","15,854","47,271","808","126","2,135","4,707","1,767","673","16,550","4,615","205","942","1,753","558","789","754","1,941","2,137","689","818","1,349","13,314","5,376","154","1,177","5,786","821","48,819","4,641","11,489","4,474","844","4,577","11,758","2,797","816","326","650","79","1,187","306","339","3,673","122","741","8,542","448","320","7,774","24,976","1,871","1,188","595","1,856","305","1,576","1,454","975","1,272","902","3,027","2,595","294","265","841","4,215","800","431","514","5,379","2,670","2,709","22,021","15,913","2,884","3,224","27,621","2,788","735","1,797","1,875","3,676","3,116","1,347","4,600","1,798","5,889","16,021","2,260","187","4,301","1,260","860","1,483","308","2,318","626","2,418","2,648","12,306","-9,658"
"Q2 2018","314,245","28,141","25,188","2,953","11,702","5,909","4,539","0","1,254","12,604","1,132","9,097","362","2,013","74,132","16,043","47,806","811","127","2,166","4,743","1,719","717","16,768","4,634","206","941","1,795","557","812","784","1,976","2,199","678","835","1,351","13,384","5,406","147","1,202","5,805","824","49,334","4,503","11,467","4,643","828","4,627","12,066","2,832","823","331","657","83","1,194","307","344","3,765","125","739","8,559","452","314","7,793","25,145","1,840","1,181","619","1,996","304","1,539","1,404","957","1,295","915","3,034","2,583","296","267","843","4,281","828","437","526","5,488","2,724","2,764","22,358","16,127","2,923","3,308","27,828","2,834","711","1,816","1,845","3,740","3,162","1,317","4,625","1,823","5,955","16,191","2,284","186","4,287","1,303","867","1,522","306","2,385","617","2,434","2,611","12,315","-9,704"
"Q3 2018","317,210","28,595","25,590","3,005","11,877","6,007","4,566","0","1,304","12,781","1,138","9,258","358","2,027","74,937","16,219","48,302","801","128","2,192","4,847","1,715","733","16,833","4,733","205","955","1,781","583","798","782","1,975","2,167","672","829","1,353","13,512","5,457","133","1,239","5,856","827","49,614","4,378","11,297","4,769","819","4,756","12,160","2,882","829","331","657","82","1,204","304","352","3,913","128","753","8,683","454","336","7,893","25,241","1,836","1,183","587","1,970","295","1,624","1,433","986","1,318","926","3,054","2,609","293","269","831","4,239","813","448","527","5,641","2,807","2,834","22,723","16,428","2,936","3,359","27,891","2,786","705","1,814","1,821","3,678","3,151","1,357","4,712","1,909","5,958","16,460","2,311","195","4,355","1,347","871","1,548","305","2,426","624","2,478","2,422","12,456","-10,034"
"Q4 2018","317,957","28,612","25,621","2,991","11,812","5,921","4,526","175","1,190","12,657","1,131","9,152","360","2,014","75,790","16,395","48,817","815","129","2,226","4,897","1,766","745","16,729","4,667","202","927","1,815","582","787","778","1,912","2,197","676","823","1,363","13,572","5,452","153","1,232","5,908","827","49,226","4,221","11,422","4,922","816","4,792","11,524","2,923","836","333","668","85","1,211","257","363","3,948","137","768","8,870","455","336","8,079","25,570","1,853","1,214","589","1,935","298","1,755","1,432","1,017","1,332","950","3,103","2,610","292","270","840","4,276","858","430","516","5,769","2,892","2,877","22,889","16,602","2,945","3,342","28,018","2,831","696","1,836","1,837","3,653","3,164","1,415","4,786","1,925","5,875","16,612","2,345","195","4,383","1,303","885","1,582","306","2,463","625","2,525","1,831","12,394","-10,563"
"Q1 2019","320,902","28,829","25,789","3,040","11,906","6,067","4,502","185","1,152","12,796","1,148","9,249","361","2,038","76,893","16,659","49,573","811","130","2,253","4,940","1,803","724","16,976","4,781","198","940","1,695","567","842","856","1,947","2,260","687","838","1,365","13,717","5,559","155","1,221","5,951","831","49,200","4,083","11,557","5,083","836","4,902","10,979","2,990","859","341","672","86","1,228","257","377","4,037","147","766","8,926","473","336","8,117","25,433","1,795","1,197","619","1,942","317","1,711","1,429","1,048","1,343","967","3,172","2,700","274","272","859","4,019","828","417","524","5,845","2,937","2,908","23,114","16,777","2,955","3,382","28,359","2,823","719","1,789","1,835","3,691","3,181","1,426","4,904","1,919","6,072","16,872","2,369","193","4,517","1,308","885","1,601","309","2,516","625","2,549","2,036","12,505","-10,469"
"Q2 2019","323,948","29,161","26,057","3,104","11,940","6,077","4,517","274","1,072","12,963","1,170","9,409","357","2,027","77,809","16,905","50,274","829","130","2,272","4,851","1,814","734","17,334","4,824","212","984","1,753","602","852","840","2,004","2,345","694","846","1,378","13,901","5,642","152","1,226","6,039","842","49,691","4,016","11,439","4,976","854","4,857","11,658","2,975","864","348","690","85","1,243","257","384","4,109","161","775","8,967","476","349","8,142","25,746","1,874","1,210","611","1,988","310","1,651","1,430","1,045","1,410","980","3,205","2,695","294","273","867","4,110","853","407","533","5,900","2,963","2,937","23,445","16,966","2,983","3,496","28,789","2,857","759","1,813","1,905","3,727","3,190","1,426","4,982","1,925","6,205","17,112","2,382","203","4,610","1,334","903","1,618","311","2,551","632","2,568","1,190","12,508","-11,318"
"Q3 2019","325,920","29,603","26,528","3,075","11,971","6,076","4,548","393","954","13,055","1,197","9,477","348","2,033","78,791","17,169","51,010","834","131","2,315","4,877","1,742","713","17,390","4,922","211","978","1,758","598","820","826","2,025","2,330","692","840","1,390","14,148","5,722","151","1,268","6,142","865","49,275","3,758","12,093","4,704","884","4,783","11,139","2,948","866","349","701","85","1,258","270","390","4,086","165","796","8,994","478","343","8,173","25,795","1,829","1,212","603","1,924","314","1,610","1,437","1,063","1,447","997","3,249","2,713","287","272","870","4,166","852","422","528","5,888","2,953","2,935","23,562","17,024","2,977","3,561","28,932","2,849","756","1,810","1,895","3,765","3,227","1,453","5,067","1,866","6,244","17,174","2,407","201","4,614","1,310","874","1,635","314","2,591","638","2,590","1,342","12,998","-11,656"
"Q4 2019","330,046","29,893","26,747","3,146","12,100","6,143","4,606","457","894","13,062","1,187","9,499","340","2,036","80,054","17,458","51,732","823","133","2,351","5,033","1,795","729","17,608","4,983","209","967","1,761","624","830","823","2,172","2,330","694","820","1,395","14,222","5,644","145","1,277","6,266","890","49,541","3,752","12,290","4,486","891","4,790","11,405","2,927","861","349","709","90","1,261","285","391","4,093","171","790","9,000","480","354","8,166","25,854","1,794","1,219","574","1,840","299","1,596","1,507","1,076","1,506","1,014","3,298","2,712","292","271","890","4,187","828","425","526","5,742","2,853","2,889","23,792","17,194","2,980","3,618","29,245","2,894","750","1,817","1,956","3,815","3,262","1,473","5,017","1,972","6,289","17,241","2,423","204","4,598","1,323","887","1,653","312","2,627","643","2,571","2,692","13,612","-10,920"
"Q1 2020","322,701","31,749","28,408","3,341","12,611","6,483","4,736","537","855","11,066","1,002","8,005","324","1,735","80,771","17,666","52,281","866","127","2,364","5,037","1,707","723","17,405","4,759","200","876","1,859","664","776","836","2,135","2,506","634","798","1,362","13,904","5,898","139","1,206","5,773","888","42,815","3,234","9,756","3,592","845","4,554","10,133","2,762","780","333","664","54","1,131","290","345","3,453","141","748","8,934","490","339","8,105","24,947","1,733","1,286","575","1,762","303","1,734","1,566","1,087","1,612","1,029","2,873","2,708","212","260","758","3,726","791","419","513","5,836","2,907","2,929","20,983","15,217","2,550","3,216","29,180","2,881","819","1,832","1,985","3,841","3,273","1,422","5,078","1,937","6,112","16,878","2,097","220","4,817","1,182","810","1,584","294","2,656","649","2,569","5,622","13,100","-7,478"
"Q2 2020","275,063","32,308","28,994","3,314","12,719","6,455","4,818","626","820","7,369","579","5,345","220","1,225","80,819","17,700","52,368","900","106","2,419","4,948","1,764","614","16,533","4,660","179","837","2,011","766","950","895","1,852","2,532","527","617","707","10,887","5,570","140","804","3,717","656","28,124","1,778","8,133","2,744","1,003","4,026","5,692","2,313","546","188","438","4","238","39","249","170","56","507","8,860","502","317","8,041","20,812","1,857","1,454","671","1,772","270","1,966","1,688","1,118","1,492","935","1,307","2,713","5","248","378","1,311","714","394","519","5,610","2,969","2,641","11,361","9,244","878","1,239","29,376","2,897","776","1,917","2,001","3,905","3,400","1,465","4,963","1,907","6,145","13,243","1,023","257","4,601","683","599","389","179","2,603","675","2,234","-2,958","1,185","-4,143"
"Q3 2020","313,638","32,460","29,007","3,453","12,955","6,512","4,834","821","788","11,635","1,091","8,360","276","1,908","81,908","17,916","52,944","1,007","124","2,456","5,136","1,716","609","19,503","5,800","224","1,102","2,379","798","1,163","955","2,103","2,540","621","705","1,113","13,181","5,948","126","1,318","5,048","741","41,425","3,120","13,469","3,873","1,094","4,962","8,626","2,971","623","203","577","14","474","49","328","391","103","548","9,000","514","381","8,105","24,964","2,032","1,508","645","2,578","339","2,255","1,903","1,249","1,689","1,100","1,912","2,714","20","262","416","2,550","805","403","584","5,738","3,004","2,734","17,321","13,494","1,984","1,843","29,646","2,901","801","1,907","2,046","3,764","3,337","1,498","5,037","1,936","6,419","16,235","1,970","268","4,864","1,377","815","996","240","2,622","693","2,390","-2,333","1,441","-3,774"
"Q4 2020","316,495","33,397","29,886","3,511","13,018","6,510","4,825","919","764","11,174","1,027","8,037","286","1,824","82,954","18,165","53,529","1,049","131","2,490","5,088","1,879","623","20,149","6,029","254","1,076","2,576","803","1,142","1,003","2,109","2,527","623","743","1,264","13,699","5,941","121","1,405","5,475","757","41,443","3,189","12,833","3,861","1,232","5,132","8,650","3,093","587","200","582","12","510","52","323","470","91","626","8,966","530","362","8,074","25,259","2,036","1,533","524","2,628","359","2,252","2,063","1,372","1,762","1,137","1,986","2,726","10","271","429","2,494","784","374","519","5,599","2,915","2,684","15,905","12,669","1,311","1,925","30,402","2,886","822","1,929","2,068","3,821","3,370","1,538","5,250","1,962","6,756","16,476","1,819","268","4,859","1,349","804","1,259","260","2,638","713","2,507","-1,946","1,656","-3,602"
"Q1 2021","320,080","33,821","30,254","3,567","13,237","6,703","4,850","935","749","10,769","1,029","7,738","285","1,717","83,608","18,355","53,991","1,141","133","2,532","5,010","1,817","629","20,829","6,161","251","1,089","2,578","819","1,324","1,109","2,226","2,502","639","784","1,347","14,055","6,137","114","1,432","5,608","764","41,675","3,201","12,562","3,812","1,241","5,095","9,348","3,021","593","199","583","13","472","64","337","407","97","630","9,020","539","353","8,128","25,637","1,974","1,663","620","2,735","383","2,604","2,190","1,427","1,733","1,179","1,922","2,726","5","277","451","1,961","758","398","631","5,658","2,966","2,692","16,393","12,935","1,447","2,011","31,208","2,847","872","1,940","2,217","3,857","3,406","1,609","5,427","2,009","7,024","16,176","1,695","274","4,864","1,306","826","1,101","262","2,591","693","2,564","-2,006","1,561","-3,567"
"Q2 2021","321,129","32,698","29,150","3,548","13,232","6,583","4,912","1,021","716","10,441","960","7,595","284","1,602","85,148","18,663","54,864","1,049","136","2,565","5,225","1,977","669","19,909","6,165","244","982","2,383","839","1,117","898","2,152","2,374","656","788","1,311","14,014","6,030","113","1,277","5,809","785","42,950","3,132","12,216","4,403","1,108","5,269","10,073","3,189","634","198","573","17","507","85","363","450","89","644","9,042","538","338","8,166","25,286","1,904","1,562","610","2,722","354","2,205","2,140","1,377","1,701","1,151","2,011","2,736","25","266","456","2,396","795","336","539","5,813","3,063","2,750","16,624","13,128","1,573","1,923","32,203","2,873","892","1,886","2,187","3,923","3,472","1,718","5,660","2,072","7,520","16,158","1,672","282","4,899","1,186","836","1,160","281","2,555","702","2,585","-2,389","1,419","-3,808"
"Q3 2021","340,295","32,623","28,993","3,630","13,374","6,572","4,958","1,150","694","13,538","1,268","9,863","288","2,119","86,407","18,939","55,602","990","136","2,586","5,387","2,054","713","20,426","6,264","234","1,105","2,319","836","1,153","975","2,231","2,457","661","833","1,358","14,402","6,161","111","1,420","5,921","789","46,154","3,389","11,743","4,679","1,100","5,423","11,825","3,301","680","205","632","40","574","135","394","1,279","148","607","9,117","528","357","8,232","27,264","1,890","1,494","627","2,339","358","2,300","2,065","1,353","1,785","1,174","2,476","2,776","157","275","543","4,033","717","324","578","6,019","3,096","2,923","22,248","16,634","2,982","2,632","32,801","2,898","868","1,874","2,209","3,959","3,538","1,735","5,836","2,097","7,787","17,782","2,329","279","5,060","1,574","932","1,418","302","2,587","708","2,593","-1,860","2,988","-4,848"
"Q4 2021","346,131","33,221","29,632","3,589","13,460","6,664","4,966","1,170","660","13,669","1,296","9,950","289","2,134","87,493","19,235","56,310","1,058","137","2,611","5,192","2,188","762","20,755","6,307","244","1,112","2,327","830","1,209","1,001","2,300","2,451","684","857","1,433","14,606","6,233","105","1,445","6,036","787","48,203","3,265","11,652","5,196","1,141","5,505","12,713","3,345","705","219","674","54","622","159","401","1,772","149","631","9,228","536","362","8,330","27,737","1,871","1,522","544","2,515","366","2,307","2,120","1,377","1,792","1,199","2,755","2,769","199","276","647","3,868","702","323","585","6,079","3,134","2,945","22,387","16,756","2,560","3,071","32,984","2,877","860","1,879","2,218","3,942","3,497","1,724","6,055","2,120","7,812","18,127","2,370","278","5,105","1,576","920","1,561","306","2,613","721","2,677","-1,818","4,776","-6,594"
"Q1 2022","353,731","33,886","30,136","3,750","13,516","6,721","5,006","1,150","639","13,285","1,348","9,579","296","2,062","90,067","19,704","57,679","1,117","140","2,664","5,478","2,412","873","21,459","6,396","279","1,138","2,393","842","1,460","990","2,338","2,584","688","900","1,451","15,214","6,693","107","1,497","6,126","791","50,271","3,743","12,095","5,014","1,306","5,616","13,591","3,399","729","238","654","47","611","151","411","1,854","153","659","9,280","527","384","8,369","27,965","1,889","1,479","611","2,727","310","2,317","2,292","1,482","1,869","1,226","2,757","2,774","150","277","646","3,544","727","349","539","6,160","3,175","2,985","22,005","16,612","2,290","3,103","33,370","2,894","873","1,889","2,250","3,984","3,553","1,817","6,023","2,156","7,931","18,449","2,401","281","5,199","1,609","935","1,593","314","2,672","741","2,704","-1,196","5,325","-6,521"
"Q2 2022","368,917","34,764","30,810","3,954","13,503","6,691","4,949","1,254","609","14,637","1,407","10,708","304","2,218","91,731","20,114","58,801","1,109","141","2,709","5,412","2,536","909","21,542","6,619","269","1,099","2,377","888","1,331","943","2,319","2,569","704","940","1,484","15,740","6,906","107","1,578","6,338","811","53,573","2,834","12,104","4,904","1,183","5,722","15,863","3,538","813","267","720","84","801","224","438","3,260","164","654","9,415","523","430","8,462","29,835","1,895","1,565","678","2,400","322","2,361","2,266","1,556","2,002","1,242","3,108","2,793","201","278","759","4,679","785","395","550","6,258","3,239","3,019","25,540","18,428","3,174","3,938","33,526","2,940","854","1,904","2,257","3,981","3,589","1,772","6,316","2,284","7,629","19,206","2,536","297","5,679","1,624","1,030","1,540","324","2,719","735","2,722","-353","7,875","-8,228"
"Q3 2022","371,100","35,440","31,457","3,983","13,591","6,757","4,924","1,319","591","14,411","1,349","10,532","313","2,217","93,186","20,439","59,655","1,121","142","2,725","5,412","2,799","893","20,935","6,205","258","1,053","2,220","883","1,320","935","2,185","2,699","709","965","1,503","15,653","6,772","92","1,531","6,438","820","53,157","3,180","11,461","5,030","1,224","5,920","14,601","3,659","824","277","731","88","877","237","447","3,825","166","610","9,470","530","419","8,521","29,556","1,780","1,502","622","2,477","331","2,271","2,132","1,525","1,973","1,269","3,233","2,810","198","280","793","4,849","652","338","521","6,330","3,263","3,067","26,302","18,928","3,134","4,240","33,119","2,912","863","1,910","2,230","3,903","3,468","1,741","6,308","2,351","7,433","19,108","2,538","296","5,657","1,569","980","1,558","328","2,733","744","2,705","842","9,994","-9,152"
"Q4 2022","377,069","35,996","31,877","4,119","13,792","6,893","4,983","1,336","580","14,460","1,360","10,491","320","2,289","94,897","20,863","60,833","1,083","143","2,757","5,466","2,889","863","20,929","6,092","254","1,044","2,247","871","1,407","899","2,166","2,729","719","960","1,541","16,007","6,949","101","1,557","6,570","830","55,485","3,392","12,754","5,306","1,193","5,917","14,836","3,701","854","284","742","89","932","247","462","4,048","168","560","9,635","535","430","8,670","30,137","1,682","1,525","509","2,386","337","2,246","2,141","1,561","2,005","1,294","3,344","2,853","193","283","792","5,416","675","361","534","6,398","3,292","3,106","26,417","19,253","3,097","4,067","33,178","2,955","853","1,946","2,305","3,808","3,381","1,722","6,363","2,365","7,480","19,378","2,630","295","5,762","1,553","954","1,560","334","2,782","757","2,751","360","10,474","-10,114"

Symbol legend:
.., not available for a specific reference period




"How to cite: Statistics Canada. Table 36-10-0124-01  Detailed household final consumption expenditure, Canada, quarterly (x 1,000,000)"
https://www150.statcan.gc.ca/t1/tbl1/en/tv.action?pid=3610012401